left_image,right_image
images/0583.jpg,images/0199.jpg
images/0546.jpg,images/0489.jpg
images/0063.jpg,images/0015.jpg
images/0126.jpg,images/0499.jpg
images/0534.jpg,images/0233.jpg
images/0426.jpg,images/0197.jpg
images/0452.jpg,images/0527.jpg
images/0543.jpg,images/0498.jpg
images/0150.jpg,images/0223.jpg
images/0435.jpg,images/0504.jpg
images/0556.jpg,images/0447.jpg
images/0486.jpg,images/0521.jpg
images/0525.jpg,images/0238.jpg
images/0173.jpg,images/0440.jpg
images/0540.jpg,images/0237.jpg
images/0538.jpg,images/0208.jpg
images/0182.jpg,images/0485.jpg
images/0375.jpg,images/0053.jpg
images/0265.jpg,images/0306.jpg
images/0570.jpg,images/0316.jpg
images/0241.jpg,images/0122.jpg
images/0518.jpg,images/0453.jpg
images/0553.jpg,images/0171.jpg
images/0009.jpg,images/0374.jpg
images/0593.jpg,images/0444.jpg
images/0024.jpg,images/0416.jpg
images/0018.jpg,images/0370.jpg
images/0193.jpg,images/0554.jpg
images/0038.jpg,images/0010.jpg
images/0073.jpg,images/0397.jpg
images/0093.jpg,images/0125.jpg
images/0236.jpg,images/0287.jpg
images/0508.jpg,images/0131.jpg
images/0355.jpg,images/0204.jpg
images/0376.jpg,images/0066.jpg
images/0396.jpg,images/0506.jpg
images/0356.jpg,images/0166.jpg
images/0507.jpg,images/0417.jpg
images/0192.jpg,images/0458.jpg
images/0511.jpg,images/0535.jpg
images/0088.jpg,images/0272.jpg
images/0502.jpg,images/0439.jpg
images/0153.jpg,images/0214.jpg
images/0533.jpg,images/0359.jpg
images/0263.jpg,images/0360.jpg
images/0558.jpg,images/0129.jpg
images/0022.jpg,images/0385.jpg
images/0291.jpg,images/0224.jpg
images/0218.jpg,images/0289.jpg
images/0112.jpg,images/0170.jpg
images/0297.jpg,images/0135.jpg
images/0278.jpg,images/0156.jpg
images/0187.jpg,images/0468.jpg
images/0235.jpg,images/0407.jpg
images/0083.jpg,images/0191.jpg
images/0081.jpg,images/0393.jpg
images/0151.jpg,images/0165.jpg
images/0317.jpg,images/0072.jpg
images/0429.jpg,images/0229.jpg
images/0421.jpg,images/0410.jpg
images/0253.jpg,images/0562.jpg
images/0599.jpg,images/0361.jpg
images/0051.jpg,images/0279.jpg
images/0479.jpg,images/0457.jpg
images/0079.jpg,images/0216.jpg
images/0555.jpg,images/0160.jpg
images/0573.jpg,images/0363.jpg
images/0398.jpg,images/0581.jpg
images/0388.jpg,images/0346.jpg
images/0515.jpg,images/0152.jpg
images/0028.jpg,images/0460.jpg
images/0423.jpg,images/0411.jpg
images/0557.jpg,images/0227.jpg
images/0565.jpg,images/0001.jpg
images/0258.jpg,images/0454.jpg
images/0318.jpg,images/0548.jpg
images/0159.jpg,images/0068.jpg
images/0026.jpg,images/0280.jpg
images/0212.jpg,images/0050.jpg
images/0419.jpg,images/0510.jpg
images/0226.jpg,images/0132.jpg
images/0255.jpg,images/0450.jpg
images/0077.jpg,images/0368.jpg
images/0542.jpg,images/0286.jpg
images/0249.jpg,images/0002.jpg
images/0064.jpg,images/0399.jpg
images/0367.jpg,images/0036.jpg
images/0251.jpg,images/0568.jpg
images/0382.jpg,images/0149.jpg
images/0134.jpg,images/0219.jpg
images/0324.jpg,images/0157.jpg
images/0128.jpg,images/0057.jpg
images/0275.jpg,images/0357.jpg
images/0496.jpg,images/0013.jpg
images/0432.jpg,images/0035.jpg
images/0431.jpg,images/0181.jpg
images/0409.jpg,images/0377.jpg
images/0108.jpg,images/0155.jpg
images/0467.jpg,images/0459.jpg
images/0322.jpg,images/0390.jpg
images/0466.jpg,images/0477.jpg
images/0483.jpg,images/0200.jpg
images/0305.jpg,images/0352.jpg
images/0420.jpg,images/0110.jpg
images/0148.jpg,images/0075.jpg
images/0482.jpg,images/0174.jpg
images/0262.jpg,images/0118.jpg
images/0516.jpg,images/0250.jpg
images/0586.jpg,images/0168.jpg
images/0086.jpg,images/0446.jpg
images/0296.jpg,images/0334.jpg
images/0020.jpg,images/0303.jpg
images/0509.jpg,images/0008.jpg
images/0512.jpg,images/0492.jpg
images/0591.jpg,images/0004.jpg
images/0014.jpg,images/0365.jpg
images/0497.jpg,images/0085.jpg
images/0434.jpg,images/0422.jpg
images/0572.jpg,images/0017.jpg
images/0578.jpg,images/0433.jpg
images/0415.jpg,images/0284.jpg
images/0405.jpg,images/0116.jpg
images/0096.jpg,images/0472.jpg
images/0137.jpg,images/0117.jpg
images/0257.jpg,images/0111.jpg
images/0464.jpg,images/0589.jpg
images/0541.jpg,images/0055.jpg
images/0243.jpg,images/0211.jpg
images/0451.jpg,images/0021.jpg
images/0490.jpg,images/0154.jpg
images/0115.jpg,images/0520.jpg
images/0230.jpg,images/0254.jpg
images/0143.jpg,images/0585.jpg
images/0039.jpg,images/0099.jpg
images/0344.jpg,images/0332.jpg
images/0564.jpg,images/0443.jpg
images/0404.jpg,images/0400.jpg
images/0044.jpg,images/0225.jpg
images/0095.jpg,images/0210.jpg
images/0328.jpg,images/0358.jpg
images/0323.jpg,images/0403.jpg
images/0539.jpg,images/0567.jpg
images/0391.jpg,images/0062.jpg
images/0271.jpg,images/0105.jpg
images/0505.jpg,images/0138.jpg
images/0234.jpg,images/0049.jpg
images/0054.jpg,images/0587.jpg
images/0261.jpg,images/0424.jpg
images/0319.jpg,images/0269.jpg
images/0348.jpg,images/0480.jpg
images/0571.jpg,images/0052.jpg
images/0101.jpg,images/0029.jpg
images/0201.jpg,images/0378.jpg
images/0282.jpg,images/0045.jpg
images/0475.jpg,images/0528.jpg
images/0094.jpg,images/0309.jpg
images/0561.jpg,images/0109.jpg
images/0523.jpg,images/0259.jpg
images/0308.jpg,images/0354.jpg
images/0494.jpg,images/0190.jpg
